iter	RMSE
0	14.07658478
1	13.11209837
2	12.3000847
3	11.60981345
4	10.96904018
5	10.44441222
6	10.00111874
7	9.587253277
8	9.2387682
9	8.935660836
10	8.700591544
11	8.486497981
12	8.289604583
13	8.138147146
14	7.986084737
15	7.861089431
16	7.76015571
17	7.669177835
18	7.574498633
